Symbol,Intrinsic_Value,Market_Price,Method,Last_Updated,Linear Regression_Prediction,Random Forest_Prediction,Gradient Boosting Machine_Prediction,Undervalued,Overvalued
MMM,258.94,151.52,DCF,2025-01-29 02:12:51.234682,106.07168021660817,214.42337460317435,147.29176623893443,True,False
AOS,135.17666666666668,71.43,DCF,2025-01-29 02:12:51.220118,86.90288479408996,119.40618402457736,69.8221531536997,True,False
ABT,7.781481481481481,129.43,DCF,2025-01-29 02:12:50.972923,100.7846444957513,48.14839807134329,75.63806369872685,False,True
ABBV,2.9231481481481483,176.9,DCF,2025-01-29 02:12:51.250296,112.14614678950758,25.76727782699509,78.86302363752165,False,True
ACN,12.26862385321101,373.15,DCF,2025-01-29 02:12:51.245953,159.11675612487028,85.61552131625292,153.7168120546465,False,True
AYI,484.7100000000001,328.8,DCF,2025-01-29 02:12:51.237834,148.5019967667896,296.2103414610942,250.59102776731297,True,False
ADBE,12.71045871559633,438.6,DCF,2025-01-29 02:12:51.240755,174.7816039261416,12.481392776110154,52.92619391292172,False,True
AAP,0.7936405529953918,49.22,DCF,2025-01-29 02:12:51.200563,81.58712819109171,17.236053906890838,40.97471197453139,False,True
AMD,1.1611009174311926,115.01,DCF,2025-01-29 02:12:51.217204,97.33335182509688,69.64214495412848,95.75547829614162,False,True
AES,24.959999999999997,11.44,DCF,2025-01-29 02:12:51.073656,72.54483713025093,19.37511943699142,20.861172616752697,True,False
AMG,326.26800000000003,185.73,DCF,2025-01-29 02:12:51.210733,114.25952503374324,273.9482218960244,178.5153392007138,True,False
AFL,142.67600000000002,108.15,DCF,2025-01-29 02:12:51.270736,95.69147472934866,176.25026523809524,105.73164736758265,True,False
A,150.96,150.96,P/S,2025-01-29 02:12:51.324054,105.93764943328179,173.54528888888865,128.2074601054997,False,False
APD,17.07192660550459,326.62,DCF,2025-01-29 02:12:51.367308,147.98023407455474,117.1211426843357,192.52268828476252,False,True
AKAM,3.4730275229357797,99.67,DCF,2025-01-29 02:12:51.363521,93.66186572469196,9.583178503470714,56.0118172215417,False,True
ALK,109.85333333333335,70.46,DCF,2025-01-29 02:12:51.359409,86.6707243301139,99.97994867724867,69.8221531536997,True,False
ALB,85.9525586587,88.78,DCF,2025-01-29 02:12:51.373908,91.05544567036279,67.42848417731213,69.8221531536997,False,True
ARE,54.51428571428571,102.11,DCF,2025-01-29 02:12:51.399029,94.24585699489978,38.77817736517637,56.0118172215417,False,True
ALGN,5.968518518518518,229.82,DCF,2025-01-29 02:12:51.383280,124.81205581385098,24.182070122026662,67.17918291038512,False,True
ALLE,231.83333333333334,135.5,DCF,2025-01-29 02:12:51.392941,102.2374424507355,194.63557652878913,146.5420364015235,True,False
LNT,44.54666666666667,60.0,DCF,2025-01-29 02:12:51.502646,84.16722077012463,68.86540300378216,75.50169759721669,False,True
ALL,327.96400000000006,193.19,DCF,2025-01-29 02:12:51.489176,116.04500654019832,202.52007701348663,140.68201846573584,True,False
GOOGL,7.747522935779816,191.81,DCF,2025-01-29 02:12:51.537778,115.71471639557258,48.204003272312164,123.11743354111272,False,True
GOOG,7.747522935779816,193.77,DCF,2025-01-29 02:12:51.499284,116.18382413721494,119.6902645203569,140.68201846573584,False,True
MO,316.7200000000002,53.45,DCF,2025-01-29 02:12:51.514645,82.59953928657494,249.74587828746186,183.1500587958313,True,False
AMZN,4.701566820276498,235.42,DCF,2025-01-29 02:12:51.555172,126.15236364711484,43.422502461233506,67.17918291038512,False,True
AEE,73.66666666666666,94.13,DCF,2025-01-29 02:12:51.547994,92.33591833249879,56.1076864933741,61.96158127146647,False,True
AAL,44.22666666666667,17.2,DCF,2025-01-29 02:12:51.540266,73.92343947303661,37.045545200616864,23.497512307361255,True,False
AEP,85.97333333333333,102.63,DCF,2025-01-29 02:12:51.550298,94.37031415084572,85.7659850371341,72.18964373152619,False,True
AXP,297.224,316.42,DCF,2025-01-29 02:12:51.582624,145.53895909253845,243.80644495073025,192.52268828476252,False,True
AIG,106.636,76.11,DCF,2025-01-29 02:12:51.622836,88.02299919760333,84.21793587495762,69.8221531536997,True,False
AMT,125.6857142857143,192.04,DCF,2025-01-29 02:12:51.625867,115.76976475301021,93.45021559210251,123.11743354111272,False,True
AWK,87.36,129.95,DCF,2025-01-29 02:12:51.619354,100.90910165169723,66.52738325652841,75.63806369872685,False,True
AMP,553.956,561.38,DCF,2025-01-29 02:12:51.624937,204.16785317045156,347.57316539585395,435.3771192091457,False,True
AME,204.7266666666667,184.95,DCF,2025-01-29 02:12:52.385174,114.07283929982435,228.15834671083925,160.76282786738045,True,False
AMGN,7.985185185185185,282.95,DCF,2025-01-29 02:12:52.378783,137.5282263819418,114.44954250554719,147.25751409805218,False,True
APH,1.972844036697248,67.49,DCF,2025-01-29 02:12:52.372768,85.95988249711503,52.90037091888741,64.60662543660115,False,True
ADI,3.3805504587155966,215.42,DCF,2025-01-29 02:12:52.679317,121.36554995688678,67.35157241834486,92.66304516479715,False,True
ANSS,6.658348623853211,344.89,DCF,2025-01-29 02:12:52.904729,152.35298838057804,135.92933503079217,160.47037998443832,False,True
AON,247.616,376.8,DCF,2025-01-29 02:12:52.900512,159.9903496233369,170.3405767290972,207.37918916537046,False,True
APA,105.60000000000002,23.38,DCF,2025-01-29 02:12:52.914023,75.40256490331707,78.72062503276547,47.20193880864165,True,False
AIV,9.1709233605,8.97,DCF,2025-01-29 02:12:52.877278,71.95366563950776,9.054996623440578,19.90774523891551,True,False
AAPL,6.257614678899082,229.86,DCF,2025-01-29 02:12:52.892260,124.82162944123144,24.29192666297128,67.17918291038512,False,True
AMAT,8.84697247706422,174.57,DCF,2025-01-29 02:12:52.910698,111.588482994596,82.33742323983897,115.94493259272133,False,True
APTV,9.021382488479265,64.17,DCF,2025-01-29 02:12:53.617629,85.16527142453718,97.58988722368764,75.50169759721669,False,True
ADM,190.4600000000001,52.17,DCF,2025-01-29 02:12:52.966210,82.29318321040034,167.83585039841827,131.44532619583126,True,False
AJG,111.088,296.0,DCF,2025-01-29 02:12:53.584443,140.6516223148156,73.89574378434494,71.71141382367459,False,True
AIZ,296.79999999999995,215.6,DCF,2025-01-29 02:12:53.594756,121.40863128009885,186.36106112374736,173.32954338763608,True,False
T,107.28000000000002,24.14,DCF,2025-01-29 02:12:53.560716,75.58446382354573,73.2548071428571,45.350678483713956,True,False
ADSK,5.158165137614678,299.07,DCF,2025-01-29 02:12:53.592567,141.3863982162656,7.95984958619296,66.84091977354358,False,True
ADP,9.627889908256881,300.15,DCF,2025-01-29 02:12:53.575952,141.6448861555379,9.651171505266724,66.84091977354358,False,True
AZO,150.35972350230415,3372.82,DCF,2025-01-29 02:12:53.609483,877.0598272331888,267.84925150528244,173.1959213125906,False,True
AVB,221.9942857142857,220.35,DCF,2025-01-29 02:12:53.579187,122.54549953152801,191.22000681520308,173.32954338763608,True,False
AVY,8.253577981651377,195.91,DCF,2025-01-29 02:12:53.688677,116.69601320206934,118.98498534646782,140.68201846573584,False,True
BAC,68.05199999999999,47.09,DCF,2025-01-29 02:12:53.764917,81.07733253308243,63.037513333333266,51.26932121033924,True,False
BAX,0.25462962962962965,33.46,DCF,2025-01-29 02:12:53.741480,77.81511900319201,2.249200461142661,25.543699355321845,False,True
BDX,5.978703703703704,248.7,DCF,2025-01-29 02:12:53.749619,129.33080793742627,5.752035248758677,56.11980091585076,False,True
BRK-B,1048.5520000000001,474.7,DCF,2025-01-29 02:12:53.795430,183.42180263700322,740.7064061773708,923.6326502155734,True,False
BBY,5.866912442396314,85.24,DCF,2025-01-29 02:12:53.791862,90.20817964719242,16.024284792626766,69.8221531536997,False,True
BIIB,11.25462962962963,148.76,DCF,2025-01-29 02:12:53.794677,105.4110999273567,28.788154181600945,128.2074601054997,False,True
BLK,890.8240000000001,1029.94,DCF,2025-01-29 02:12:53.868799,316.3133243051143,706.9619901431975,865.8352849839168,False,True
HRB,85.22399999999999,54.4,DCF,2025-01-29 02:12:53.846847,82.82691293686078,98.74687423216231,71.67145054513337,True,False
BA,216.58501457600002,175.16,DCF,2025-01-29 02:12:53.887648,111.72969399845772,159.80290194806213,134.3325833813764,True,False
BWA,4.058617511520738,32.9,DCF,2025-01-29 02:12:53.952124,77.68108821986563,9.128545671365794,25.543699355321845,False,True
BXP,69.65714285714284,74.59,DCF,2025-01-29 02:12:53.919319,87.65920135714599,66.38659933646142,69.8221531536997,False,True
BSX,1.2324074074074074,102.27,DCF,2025-01-29 02:12:53.958497,94.2841515044216,19.596701174700275,56.0118172215417,False,True
BHF,55.4696905242,51.09,DCF,2025-01-29 02:12:53.903190,82.03469527112803,84.46125776778172,56.927646122225305,True,False
BMY,58.815358912,60.6,DCF,2025-01-29 02:12:53.970135,84.31082518083147,89.06457194010214,75.50169759721669,False,True
AVGO,1.3255045871559632,202.13,DCF,2025-01-29 02:12:53.967451,118.18471225973025,105.16353779816498,195.15953258928454,False,True
BF-B,113.42000000000007,34.49,DCF,2025-01-29 02:12:53.928583,78.06163990823876,80.76568145269995,43.74089949604734,True,False
CHRW,103.07666666666668,109.05,DCF,2025-01-29 02:12:54.016594,95.90688134540892,108.50147000000001,95.75547829614162,False,True
CA,24.91,24.91,P/S,2025-01-29 02:12:54.004243,75.76875615061952,41.836583870967736,29.640364330373345,False,False
CDNS,3.9045871559633025,289.87,DCF,2025-01-29 02:12:54.083754,139.18446391876068,11.909424790591132,69.38011237940394,False,True
CPB,97.90500000000006,39.99,DCF,2025-01-29 02:12:54.042816,79.37801367305147,76.09201155659449,49.56685234281579,True,False
COF,245.496,202.51,DCF,2025-01-29 02:12:54.096998,118.27566171984458,208.71826892966325,195.15953258928454,True,False
CAH,5.296296296296297,130.73,DCF,2025-01-29 02:12:54.102426,101.09578738561612,128.10048792456053,75.63806369872685,False,True
KMX,2.9535483870967743,84.53,DCF,2025-01-29 02:12:54.134148,90.03824776118933,9.239965529953936,69.8221531536997,False,True
CCL,1.446635944700461,25.68,DCF,2025-01-29 02:12:54.167463,75.9530484776933,15.957528801843354,29.640364330373345,False,True
CAT,767.9033333333334,394.98,DCF,2025-01-29 02:12:54.157871,164.34156326775422,505.07034293282084,593.9665242194972,True,False
CBOE,155.396,205.44,DCF,2025-01-29 02:12:54.170501,118.976929925463,155.75810444444454,152.27722349826666,False,True
CNC,5.897222222222222,65.89,DCF,2025-01-29 02:12:54.264207,85.57693740189679,9.971687869520904,64.60662543660115,False,True
CNP,26.0,32.88,DCF,2025-01-29 02:12:54.266868,77.6763014061754,16.149788067679143,27.59770720654971,False,True
CF,6.252110091743119,88.77,DCF,2025-01-29 02:12:54.334343,91.05305226351767,37.93931820753812,69.8221531536997,False,True
SCHW,63.388000000000005,82.53,DCF,2025-01-29 02:12:54.335670,89.55956639216652,83.62128403669723,69.8221531536997,False,True
CHTR,32.047004608294934,367.49,DCF,2025-01-29 02:12:54.344569,157.76208785053575,59.48223235276702,153.7168120546465,False,True
CVX,136.5,157.23,DCF,2025-01-29 02:12:54.891879,107.43831552516829,127.62134285714286,115.94493259272133,False,True
CMG,1.084976958525346,58.3,DCF,2025-01-29 02:12:54.915696,83.76034160645524,55.077351476068195,75.50169759721669,False,True
CB,517.068,276.49,DCF,2025-01-29 02:12:54.918222,135.98208555999815,402.7866856084654,392.4551231411136,True,False
CHD,119.30500000000008,109.39,DCF,2025-01-29 02:12:54.900419,95.98825717814279,115.09511000000015,95.75547829614162,True,False
CI,10.735185185185184,305.72,DCF,2025-01-29 02:12:54.918848,142.97801376826644,36.214854026503616,66.84091977354358,False,True
CINF,412.552,140.89,DCF,2025-01-29 02:12:54.986552,103.52748874025197,309.5766050280529,169.89873004595626,True,False
CTAS,148.0166666666667,202.56,DCF,2025-01-29 02:12:54.979401,118.28762875407016,175.57529559633008,195.15953258928454,False,True
CSCO,2.3941284403669725,59.08,DCF,2025-01-29 02:12:54.990395,83.94702734037413,10.906168507002908,75.50169759721669,False,True
C,126.14,81.07,DCF,2025-01-29 02:12:55.120497,89.21012899277987,87.33516155963315,69.8221531536997,True,False
CFG,64.23599999999999,47.55,DCF,2025-01-29 02:12:55.213275,81.18742924795767,58.28677281105983,51.26932121033924,True,False
CME,201.824,236.95,DCF,2025-01-29 02:12:55.249181,126.51855489441729,135.0197153416293,94.30874806958138,False,True
CMS,60.666666666666664,67.19,DCF,2025-01-29 02:12:55.253650,85.88808029176161,37.61043636231247,64.60662543660115,False,True
KO,128.9350000000001,63.87,DCF,2025-01-29 02:12:55.209974,85.09346921918376,110.67030976451989,75.50169759721669,True,False
CTSH,4.64440366972477,81.12,DCF,2025-01-29 02:12:55.300028,89.22209602700545,22.97897256880736,69.8221531536997,False,True
CL,186.1800000000001,91.21,DCF,2025-01-29 02:12:55.281050,91.63704353372549,136.61811797000163,78.64941136975102,True,False
CMCSA,3.7270967741935483,38.23,DCF,2025-01-29 02:12:55.314943,78.9567740683114,4.08335858664863,36.55369402998008,False,True
CMA,106.42399999999999,62.79,DCF,2025-01-29 02:12:55.308687,84.83498127991145,115.18071854199374,75.50169759721669,True,False
CAG,55.10500000000003,26.21,DCF,2025-01-29 02:12:55.304520,76.07989904048434,41.332059907834136,29.640364330373345,True,False
COP,126.45,102.69,DCF,2025-01-29 02:12:55.364209,94.3846745919164,105.59955170380083,72.18964373152619,True,False
ED,92.21333333333334,94.89,DCF,2025-01-29 02:12:55.367260,92.51781725272745,67.46602670744127,61.96158127146647,False,True
STZ,201.1600000000001,187.94,DCF,2025-01-29 02:12:55.402649,114.78846794651345,228.26734189602445,158.2646910055641,True,False
GLW,0.19522935779816514,49.53,DCF,2025-01-29 02:12:55.396714,81.66132380329024,21.803182669402528,48.08155885421613,False,True
COST,908.9650000000004,965.25,DCF,2025-01-29 02:12:55.434576,300.8303754240717,636.195745206545,764.366448678673,False,True
COTY,9.630000000000004,7.61,DCF,2025-01-29 02:12:55.480026,71.62816230857226,9.238181303195184,19.90774523891551,True,False
CCI,85.40571428571427,92.43,DCF,2025-01-29 02:12:55.448143,91.9290391688294,61.60617484345423,78.64941136975102,False,True
CSX,63.84333333333334,33.64,DCF,2025-01-29 02:12:55.463675,77.85820032640406,45.56771952380948,39.49710405956836,True,False
CMI,544.9866666666667,348.84,DCF,2025-01-29 02:12:55.494032,153.2983840843981,359.51340666793504,290.58306950568493,True,False
CVS,210.7900000000001,56.2,DCF,2025-01-29 02:12:55.497408,83.25772616898129,170.7620847094805,75.50169759721669,True,False
DHI,14.205161290322582,147.26,DCF,2025-01-29 02:12:55.568710,105.05208890058961,47.944299522102654,128.2074601054997,False,True
DHR,5.408333333333333,250.59,DCF,2025-01-29 02:12:55.574159,129.78316183115282,5.287712685181281,56.11980091585076,False,True
DRI,8.780276497695853,192.62,DCF,2025-01-29 02:12:55.562505,115.90858235002682,94.69022803365326,123.11743354111272,False,True
DVA,9.462037037037035,175.53,DCF,2025-01-29 02:12:55.575667,111.81825005172695,71.10290537692144,80.10541252641055,False,True
DE,913.4233333333334,484.15,DCF,2025-01-29 02:12:55.600096,185.68357210563596,860.5310440978599,826.668310240869,True,False
DAL,190.10333333333335,67.77,DCF,2025-01-29 02:12:55.615276,86.02689788877822,128.11997404494917,69.8221531536997,True,False
XRAY,18.9323085916,19.61,DCF,2025-01-29 02:12:55.664126,74.50025052270908,19.03818479633182,23.497512307361255,False,True
DVN,81.00000000000001,35.33,DCF,2025-01-29 02:12:55.618949,78.26268608322833,81.16966691516994,43.74089949604734,True,False
DLR,37.55428571428571,164.74,DCF,2025-01-29 02:12:55.665948,109.23576406584891,54.107449124423994,115.94493259272133,False,True
DFS,375.876,200.33,DCF,2025-01-29 02:12:55.652537,117.75389902760973,321.37972703363897,202.05492487611775,True,False
DG,6.087926267281107,73.3,DCF,2025-01-29 02:12:56.219131,87.35045187412628,21.42810224440326,69.8221531536997,False,True
DLTR,74.1358815494,74.95,DCF,2025-01-29 02:12:56.229543,87.7453640035701,65.55576659452713,69.8221531536997,False,True
D,46.97333333333333,55.73,DCF,2025-01-29 02:12:56.216997,83.14523604726094,47.18957490945476,71.67145054513337,False,True
DOV,392.69000000000005,195.94,DCF,2025-01-29 02:12:56.230955,116.70319342260467,276.6039183739903,202.05492487611775,True,False
DTE,127.91999999999999,121.73,DCF,2025-01-29 02:12:56.302243,98.9417212250135,78.17296211051458,75.63806369872685,True,False
DUK,96.54666666666667,112.62,DCF,2025-01-29 02:12:56.299687,96.76132758911463,120.52495840978608,95.75547829614162,False,True
DXC,0.18495412844036696,21.33,DCF,2025-01-29 02:12:56.358109,74.9119165000687,6.048418060288338,18.327266505713354,False,True
EMN,7.391559633027523,93.41,DCF,2025-01-29 02:12:56.343192,92.16359303965058,25.272519593709056,58.78613380118937,False,True
ETN,335.6233333333334,311.55,DCF,2025-01-29 02:12:56.378095,144.3733699589679,249.72508440366946,192.52268828476252,True,False
EBAY,4.0792660550458715,66.84,DCF,2025-01-29 02:12:56.372113,85.80431105218263,13.096840621814458,64.60662543660115,False,True
ECL,7.074495412844036,246.2,DCF,2025-01-29 02:12:56.385881,128.73245622614775,6.573965396058132,56.11980091585076,False,True
EIX,59.279999999999994,57.74,DCF,2025-01-29 02:12:56.419865,83.62631082312886,54.879938319825534,75.50169759721669,True,False
EW,2.637962962962963,69.2,DCF,2025-01-29 02:12:56.433985,86.36915506762953,37.49435529100524,69.8221531536997,False,True
EA,4.007339449541284,117.91,DCF,2025-01-29 02:12:56.432462,98.02743981017994,6.530951460702664,58.266900433561176,False,True
EMR,100.58,128.98,DCF,2025-01-29 02:12:56.437602,100.67694118772117,81.66400073391365,75.63806369872685,False,True
ETR,71.24000000000001,78.79,DCF,2025-01-29 02:12:56.447710,88.66443223209387,57.69382324159015,69.8221531536997,False,True
EOG,185.85000000000002,131.96,DCF,2025-01-29 02:12:56.470902,101.39017642756515,197.91186666666673,146.5420364015235,True,False
EQT,11.250000000000002,48.46,DCF,2025-01-29 02:12:56.496698,81.40522927086305,15.144055242886735,40.97471197453139,False,True
EFX,160.85666666666668,274.94,DCF,2025-01-29 02:12:56.495631,135.61110749900547,246.72176626728094,253.38581047421394,False,True
EQIX,335.2628571428572,900.1,DCF,2025-01-29 02:12:56.500275,285.2373298281538,389.7750561666913,327.4119796954547,False,True
EQR,71.77714285714286,70.14,DCF,2025-01-29 02:12:56.510996,86.59413531107025,83.03963068783081,69.8221531536997,True,False
ESS,258.9428571428571,283.09,DCF,2025-01-29 02:12:56.533992,137.5617340777734,197.2655742515791,147.25751409805218,False,True
EL,29.96000000000002,83.56,DCF,2025-01-29 02:12:56.535896,89.80608729721327,29.46641631336408,69.8221531536997,False,True
ES,59.8221885312,58.23,DCF,2025-01-29 02:12:57.044949,83.74358775853945,56.54190840879027,75.50169759721669,True,False
EXC,42.12,40.7,DCF,2025-01-29 02:12:57.038329,79.54794555905457,45.65104415773585,49.56685234281579,True,False
EXPE,7.725437788018435,169.11,DCF,2025-01-29 02:12:57.057557,110.28168285716376,34.33559453749305,115.94493259272133,False,True
EXPD,182.97000000000003,115.32,DCF,2025-01-29 02:12:57.115068,97.4075474372954,134.16795535168183,104.53947702631528,True,False
EXR,113.26857142857143,156.0,DCF,2025-01-29 02:12:57.120818,107.14392648321926,123.74997222222218,115.94493259272133,False,True
XOM,120.45,110.17,DCF,2025-01-29 02:12:57.126208,96.17494291206168,105.23366224989086,95.75547829614162,True,False
FFIV,9.812844036697248,263.01,DCF,2025-01-29 02:12:57.113273,132.75577313278444,168.66679048746497,56.53067240392447,False,True
FAST,71.33333333333334,76.27,DCF,2025-01-29 02:12:57.147183,88.06129370712515,70.74083507985047,69.8221531536997,False,True
FRT,104.18285714285715,109.94,DCF,2025-01-29 02:12:57.217330,96.11989455462407,108.64889252512023,95.75547829614162,False,True
FDX,558.1833333333334,281.53,DCF,2025-01-29 02:12:57.203632,137.1883626099356,401.0509430926785,392.4551231411136,True,False
FIS,0.996697247706422,81.11,DCF,2025-01-29 02:12:57.270583,89.21970262016033,21.373981743119252,69.8221531536997,False,True
FITB,66.568,44.96,DCF,2025-01-29 02:12:57.298890,80.56753687507313,63.38235081926737,51.26932121033924,True,False
FE,26.866666666666667,40.88,DCF,2025-01-29 02:12:57.267229,79.59102688226662,35.17211153114189,49.56685234281579,False,True
FLS,72.40333333333334,59.85,DCF,2025-01-29 02:12:57.324591,84.13131966744791,74.25697220584111,75.50169759721669,True,False
FLR,51.71666666666667,46.34,DCF,2025-01-29 02:12:57.305736,80.89782701969887,56.862113333333234,51.26932121033924,True,False
FMC,12.078165137614679,55.91,DCF,2025-01-29 02:12:57.301305,83.18831737047299,37.44509235474005,71.67145054513337,False,True
FL,19.68986352098,20.13,DCF,2025-01-29 02:12:57.355098,74.62470767865501,19.529536603002803,23.497512307361255,False,True
F,0.8840552995391706,10.38,DCF,2025-01-29 02:12:57.376873,72.29113600466884,3.9168476505664116,19.90774523891551,False,True
FTV,89.16666666666669,79.77,DCF,2025-01-29 02:12:57.387327,88.89898610291505,78.688206116208,69.8221531536997,True,False
BEN,18.02,20.31,DCF,2025-01-29 02:12:57.941257,74.66778900186706,18.438116653258394,23.497512307361255,False,True
FCX,1.2880733944954128,36.67,DCF,2025-01-29 02:12:57.950815,78.5834026004736,15.080321811186732,36.44148461327465,False,True
GRMN,7.9062672811059915,214.91,DCF,2025-01-29 02:12:57.946245,121.24348620778598,40.544028884755065,93.10835903853645,False,True
IT,13.902385321100917,537.05,DCF,2025-01-29 02:12:57.953404,198.34469431628915,48.44253204892967,84.46298308355533,False,True
GD,467.59,269.84,DCF,2025-01-29 02:12:57.948612,134.3904700079973,355.29258402457737,253.38581047421394,True,False
GE,217.21,194.46,DCF,2025-01-29 02:12:57.939636,116.34896920952781,171.94322681435733,140.68201846573584,True,False
GIS,246.1000000000001,61.64,DCF,2025-01-29 02:12:58.022000,84.55973949272332,172.20720203008,75.50169759721669,True,False
GM,9.413179723502305,54.92,DCF,2025-01-29 02:12:58.029260,82.9513700928067,38.49544029228145,71.67145054513337,False,True
GPC,7.795760368663595,120.14,DCF,2025-01-29 02:12:58.097859,98.56116953664036,16.554990166152308,58.266900433561176,False,True
GILD,0.09166666666666666,95.35,DCF,2025-01-29 02:12:58.096317,92.6279139676027,23.263006337071033,56.0118172215417,False,True
GPN,5.445871559633027,110.8,DCF,2025-01-29 02:12:58.106091,96.32572754330387,48.560334840541685,95.75547829614162,False,True
GS,859.236,633.28,DCF,2025-01-29 02:12:58.085624,221.3764483868214,601.8588101257213,709.4141178500765,True,False
GT,9.10345788032,9.15,DCF,2025-01-29 02:12:58.103476,71.99674696271981,8.606615477353538,19.90774523891551,False,True
GWW,1316.8133333333335,1132.42,DCF,2025-01-29 02:12:58.095271,340.84095765384285,1071.7514620474742,1263.893930481404,True,False
HAL,42.45000000000001,27.25,DCF,2025-01-29 02:12:58.154043,76.3288133523762,34.193315898617506,29.640364330373345,True,False
HBI,8.34085566964,8.38,DCF,2025-01-29 02:12:58.164657,71.81245463564603,8.698537351885577,19.90774523891551,False,True
HOG,4.5106912442396325,28.42,DCF,2025-01-29 02:12:58.162618,76.60884195325454,4.921513824884797,29.640364330373345,False,True
HIG,210.94,114.42,DCF,2025-01-29 02:12:58.189947,97.19214082123514,159.42740458715596,95.75547829614162,True,False
HAS,58.394223642200004,58.73,DCF,2025-01-29 02:12:58.247549,83.86325810079515,44.94393710736395,75.50169759721669,False,True
HCA,22.417592592592595,332.0,DCF,2025-01-29 02:12:58.241913,149.2678869572261,149.07862098878698,162.04630438131227,False,True
HCP,35.330290902499996,34.31,DCF,2025-01-29 02:12:58.243302,78.0185585850267,56.55787163247497,39.49710405956836,True,False
HP,51.45000000000001,33.89,DCF,2025-01-29 02:12:58.251032,77.91803549753192,43.692524761904686,39.49710405956836,True,False
HSIC,2.4851851851851854,76.69,DCF,2025-01-29 02:12:58.234475,88.16181679461994,39.78522601427125,69.8221531536997,False,True
HES,128.70000000000002,146.11,DCF,2025-01-29 02:12:58.271795,104.77684711340149,88.40866468339294,128.2074601054997,False,True
HPE,1.9831192660550456,22.95,DCF,2025-01-29 02:12:58.269433,75.29964840897716,38.554300393184796,18.66891788186014,False,True
HLT,4.691520737327189,249.72,DCF,2025-01-29 02:12:58.304460,129.57493543562788,4.988523224522462,56.11980091585076,False,True
HOLX,3.3814814814814813,72.75,DCF,2025-01-29 02:12:58.319800,87.21881449764501,8.29332742788872,69.8221531536997,False,True
HD,14.807926267281108,424.87,DCF,2025-01-29 02:12:58.314614,171.4954563278,21.043873786270947,54.521867477874125,False,True
HON,309.2300000000001,225.71,DCF,2025-01-29 02:12:58.356207,123.82836560050913,180.89896619775737,202.8708153644195,True,False
HRL,78.64500000000004,31.45,DCF,2025-01-29 02:12:58.372348,77.33404422732409,58.77028027280241,38.181385777978264,True,False
HST,31.194285714285716,17.18,DCF,2025-01-29 02:12:58.360348,73.91865265934638,29.866002343474065,23.497512307361255,True,False
HPQ,2.8873394495412845,33.33,DCF,2025-01-29 02:12:58.378219,77.78400471420552,3.5238838745691954,25.543699355321845,False,True
HUM,11.672222222222222,297.76,DCF,2025-01-29 02:12:58.378888,141.07286191955566,17.86830275642744,66.84091977354358,False,True
HBAN,25.864,17.17,DCF,2025-01-29 02:12:58.375089,73.91625925250126,27.733888057759767,23.497512307361255,True,False
HII,631.3000000000001,202.99,DCF,2025-01-29 02:12:58.382718,118.39054524841006,449.2707337003061,376.6259423583148,True,False
IDXX,10.541666666666666,427.52,DCF,2025-01-29 02:12:58.429411,172.12970914175526,19.166719562000615,52.92619391292172,False,True
INFO,21.0223,21.0223,P/S,2025-01-29 02:12:58.434892,74.83827137144453,15.743786836898964,23.497512307361255,False,False
ITW,412.30666666666673,264.42,DCF,2025-01-29 02:12:58.446435,133.0932434979455,313.56456663425377,296.2657756793351,True,False
ILMN,133.485954789,138.05,DCF,2025-01-29 02:12:58.456306,102.84776119623959,106.76229207915603,146.5420364015235,False,True
INCY,0.09166666666666666,72.64,DCF,2025-01-29 02:12:58.459360,87.19248702234876,6.944503353814648,69.8221531536997,False,True
IR,73.11666666666666,91.93,DCF,2025-01-29 02:12:58.510828,91.80936882657372,73.05011480267954,78.64941136975102,False,True
INTC,20.0683184596,20.29,DCF,2025-01-29 02:12:58.505957,74.66300218817683,19.33937677548242,23.497512307361255,False,True
ICE,89.252,160.83,DCF,2025-01-29 02:12:58.517989,108.29994198940933,97.00471428571444,115.94493259272133,False,True
IBM,7.048807339449541,224.13,DCF,2025-01-29 02:12:58.515802,123.45020731898111,82.7168385272561,163.49351103582353,False,True
IP,1.1592660550458715,59.29,DCF,2025-01-29 02:12:58.513447,83.99728888412153,9.543345704097797,75.50169759721669,False,True
IPG,2.129769585253457,29.28,DCF,2025-01-29 02:12:58.590201,76.81467494193434,4.951660368663603,29.640364330373345,False,True
IFF,86.77217118,87.63,DCF,2025-01-29 02:12:58.583782,90.78020388317468,83.55341758288544,69.8221531536997,False,True
INTU,10.53211009174312,606.62,DCF,2025-01-29 02:12:58.576075,214.99562573774742,102.6817415494394,70.4559557075728,False,True
ISRG,6.538888888888889,573.48,DCF,2025-01-29 02:12:58.580987,207.06387545303954,177.89811582738687,66.40308017712232,False,True
IVZ,19.067734413,17.75,DCF,2025-01-29 02:12:58.588711,74.05507684951787,22.39215916832744,23.497512307361255,True,False
IQV,7.761111111111112,207.0,DCF,2025-01-29 02:12:58.657628,119.35030139330078,96.70414888888881,93.10835903853645,False,True
IRM,10.902857142857142,103.99,DCF,2025-01-29 02:12:58.661947,94.69581748178122,47.63962222222218,72.18964373152619,False,True
JBHT,197.95000000000002,174.08,DCF,2025-01-29 02:12:58.636237,111.47120605918542,148.52348287286674,115.94493259272133,True,False
SJM,264.82500000000016,107.29,DCF,2025-01-29 02:12:58.659480,95.48564174066885,217.7809252380955,105.73164736758265,True,False
JNJ,5.897222222222222,152.89,DCF,2025-01-29 02:12:58.719678,106.3995769543888,60.62886904761905,99.69860858667278,False,True
JCI,74.18666666666667,77.06,DCF,2025-01-29 02:12:58.709081,88.25037284788915,78.50402601427112,69.8221531536997,False,True
JPM,418.70000000000005,265.85,DCF,2025-01-29 02:12:58.724110,133.43550067679683,361.4049168111163,297.99836901266843,True,False
JNPR,0.7809174311926605,38.65,DCF,2025-01-29 02:12:58.720912,79.05729715580618,2.507778719401345,36.55369402998008,False,True
K,159.96500000000012,81.96,DCF,2025-01-29 02:12:58.755493,89.42314220199502,141.20685737003066,69.8221531536997,True,False
KEY,20.8997062366,17.66,DCF,2025-01-29 02:12:58.741918,74.03353618791185,23.198226770711457,23.497512307361255,True,False
KMB,412.48500000000024,131.41,DCF,2025-01-29 02:12:58.783627,101.25853905108387,293.13559162826436,248.19811570010526,True,False
KIM,16.354285714285712,23.43,DCF,2025-01-29 02:12:58.779645,75.41453193754265,42.129882175622505,40.37925876736438,False,True
KMI,17.55,27.46,DCF,2025-01-29 02:12:58.770492,76.3790748961236,21.632949769585238,29.640364330373345,False,True
KLAC,22.451376146788995,702.71,DCF,2025-01-29 02:12:58.811783,237.9938721124481,238.2960481583421,66.38849785765281,False,True
KSS,2.2302304147465444,13.55,DCF,2025-01-29 02:12:58.846364,73.04984597456999,8.010543004728525,20.861172616752697,False,True
KHC,59.38500000000004,30.2,DCF,2025-01-29 02:12:58.854329,77.03486837168484,46.20572995391714,38.181385777978264,True,False
KR,202.2300000000001,60.48,DCF,2025-01-29 02:12:58.858910,84.2821042986901,152.167014018822,75.50169759721669,True,False
LB,280.98417678,64.19,DCF,2025-01-29 02:12:58.847947,85.1700582382274,190.05723728280475,95.43896271449802,True,False
LH,5.367592592592592,249.67,DCF,2025-01-29 02:12:58.877386,129.56296840140232,5.3265591521551565,56.11980091585076,False,True
LRCX,3.1750458715596332,75.63,DCF,2025-01-29 02:12:58.870573,87.90811566903784,44.86563284287093,69.8221531536997,False,True
LEG,10.24982121018,11.05,DCF,2025-01-29 02:12:58.928676,72.45149426329148,13.638149708961611,19.90774523891551,False,True
LEN,14.375944700460831,137.82,DCF,2025-01-29 02:12:58.935070,102.79271283880196,57.92718794285497,146.5420364015235,False,True
LLY,9.462037037037035,808.17,DCF,2025-01-29 02:12:58.960697,263.23474070102054,127.52259917528274,66.38849785765281,False,True
LNC,30.316,33.9,DCF,2025-01-29 02:12:58.961490,77.92042890437702,35.6616047619047,39.49710405956836,False,True
LKQ,2.722488479262673,38.9,DCF,2025-01-29 02:12:58.988915,79.11713232693404,3.3038228491100488,36.55369402998008,False,True
LMT,986.1833333333334,503.69,DCF,2025-01-29 02:12:58.965903,190.36028908098876,809.2739233639151,813.9127805693306,True,False
L,159.42399999999998,86.39,DCF,2025-01-29 02:12:58.990637,90.48342143438055,128.14117293396842,69.8221531536997,True,False
LOW,12.085437788018433,268.42,DCF,2025-01-29 02:12:58.985000,134.05060623599113,144.25004718076653,187.80582265322153,False,True
LYB,6.5295412844036695,78.67,DCF,2025-01-29 02:12:58.984069,88.63571134995252,29.22122140672788,69.8221531536997,False,True
MTB,310.368,201.04,DCF,2025-01-29 02:12:59.056883,117.92383091361282,295.83160703363876,202.05492487611775,True,False
MAC,10.902857142857142,20.85,DCF,2025-01-29 02:12:59.055878,74.79703297150323,12.201981836898947,23.497512307361255,False,True
M,0.6128110599078341,15.28,DCF,2025-01-29 02:12:59.072613,73.46390535877471,12.402417511520751,23.497512307361255,False,True
MPC,193.35000000000005,152.6,DCF,2025-01-29 02:12:59.066645,106.3301681558805,139.35903571428582,147.29176623893443,True,False
MAR,9.604055299539171,288.05,DCF,2025-01-29 02:12:59.065066,138.74886387294995,33.49659830481137,69.38011237940394,False,True
MMC,171.932,223.84,DCF,2025-01-29 02:12:59.084763,123.38079852047281,158.56310715110934,163.49351103582353,False,True
MLM,31.92440366972477,546.04,DCF,2025-01-29 02:12:59.095074,200.49636707004666,55.4279632415902,84.46298308355533,False,True
MAS,134.10666666666668,81.85,DCF,2025-01-29 02:12:59.140125,89.39681472669876,130.6049407033639,69.8221531536997,True,False
MA,13.61467889908257,547.64,DCF,2025-01-29 02:12:59.114999,200.8793121652649,49.20265681957185,83.5331115239223,False,True
MAT,1.577235023041475,18.58,DCF,2025-01-29 02:12:59.180817,74.25372961766234,9.299009342370718,23.497512307361255,False,True
MKC,156.22000000000008,76.95,DCF,2025-01-29 02:12:59.177778,88.2240453725929,105.57502601427112,69.8221531536997,True,False
MCD,11.452534562211984,293.09,DCF,2025-01-29 02:12:59.176661,139.9551409228874,30.453833908782986,69.38011237940394,False,True
MCK,19.698148148148146,604.43,DCF,2025-01-29 02:12:59.187513,214.47146963866743,106.6231379136936,71.35306613041855,False,True
MDT,3.3305555555555557,92.46,DCF,2025-01-29 02:12:59.203327,91.93621938936475,34.52137246250185,58.78613380118937,False,True
MRK,4.868518518518519,97.94,DCF,2025-01-29 02:12:59.185503,93.24780634048723,7.32452402310567,56.0118172215417,False,True
MET,104.51599999999999,86.96,DCF,2025-01-29 02:12:59.192504,90.61984562455203,114.05040125103274,69.8221531536997,True,False
MTD,37.736111111111114,1347.21,DCF,2025-01-29 02:12:59.197269,392.24894328004694,484.3731908140375,65.87702600851048,False,True
MGM,2.802857142857143,33.56,DCF,2025-01-29 02:12:59.241267,77.83905307164315,20.89072846221058,25.543699355321845,False,True
MCHP,1.4796330275229357,57.23,DCF,2025-01-29 02:12:59.327502,83.50424707402804,29.104630527477443,75.50169759721669,False,True
MU,3.58605504587156,91.11,DCF,2025-01-29 02:12:59.317042,91.61310946527436,58.102721639726354,69.8221531536997,False,True
MSFT,12.453577981651376,434.56,DCF,2025-01-29 02:12:59.330122,173.81466756071552,12.376071675192712,52.92619391292172,False,True
MAA,134.46857142857144,153.63,DCF,2025-01-29 02:12:59.309502,106.57668906092724,112.59783333333337,115.94493259272133,False,True
MHK,8.900829493087558,127.97,DCF,2025-01-29 02:12:59.333405,100.43520709636465,37.713502867383546,75.63806369872685,False,True
TAP,237.54000000000016,56.66,DCF,2025-01-29 02:12:59.326099,83.36782288385655,200.61958929663655,75.50169759721669,True,False
MDLZ,150.87000000000006,58.33,DCF,2025-01-29 02:12:59.336260,83.76752182699059,107.50210954058448,75.50169759721669,True,False
MNST,83.46000000000005,49.34,DCF,2025-01-29 02:12:59.397017,81.61584907323308,56.00157975222501,48.08155885421613,True,False
MCO,232.352,496.09,DCF,2025-01-29 02:12:59.405885,188.5412998787021,507.74139003058076,318.67527868660767,False,True
MS,168.54000000000002,136.65,DCF,2025-01-29 02:12:59.411603,102.51268423792362,167.78766319545605,146.5420364015235,True,False
MSI,9.381284403669726,468.27,DCF,2025-01-29 02:12:59.421440,181.88284203559488,336.7437839143729,51.90309605704582,False,True
NDAQ,35.192,81.46,DCF,2025-01-29 02:12:59.491202,89.30347185973932,32.20104486238533,69.8221531536997,False,True
NOV,40.50000000000001,14.73,DCF,2025-01-29 02:12:59.471086,73.33226798229344,31.147147096774212,23.497512307361255,True,False
NAVI,16.112000000000002,14.66,DCF,2025-01-29 02:12:59.489538,73.31551413437764,20.17254709677422,22.64611845033919,True,False
NTAP,5.579449541284403,119.93,DCF,2025-01-29 02:12:59.494229,98.51090799289298,15.823607593117163,58.266900433561176,False,True
NFLX,20.375779816513763,971.89,DCF,2025-01-29 02:12:59.496546,302.41959756922734,271.874164931314,129.47957756796896,False,True
NWL,10.4251140504,10.59,DCF,2025-01-29 02:12:59.523182,72.34139754841624,8.878198201014046,19.90774523891551,False,True
NEM,42.4857485934,41.57,DCF,2025-01-29 02:12:59.547583,79.75617195457949,40.69730998044254,49.56685234281579,True,False
NWSA,0.6228571428571429,28.44,DCF,2025-01-29 02:12:59.562807,76.61362876694477,3.3663801843318004,29.640364330373345,False,True
NWS,0.6228571428571429,31.78,DCF,2025-01-29 02:12:59.572618,77.41302665321285,24.33319030324243,27.59770720654971,False,True
NEE,58.413333333333334,73.83,DCF,2025-01-29 02:12:59.580140,87.47730243691733,50.30762852875213,69.8221531536997,False,True
NI,28.426666666666666,36.38,DCF,2025-01-29 02:12:59.618589,78.5139938019653,24.578829456446684,43.74089949604734,False,True
